Epoch,loss
1,0.7966289639472961
2,0.382123389779305
3,0.3178591817009206
4,0.2833334972055591
5,0.26155775414437665
6,0.24678115534539125
7,0.23521935660011914
8,0.22675672422866433
9,0.21981361064375662
10,0.21351914192949023
11,0.20799426016758898
12,0.2032669941989743
