Epoch,loss
1,2.8807848884945826
2,1.5205894072850545
3,1.073930971963065
4,0.8391702669007438
5,0.6963942425591605
6,0.6040202027275449
7,0.5407056598436265
8,0.49576561536107744
