Epoch,AUC
10,0.9086753305792714
20,0.9348698950377954
30,0.9426551281588628
40,0.9466338640558164
50,0.9491226315532544
60,0.9509014990314865
70,0.952566325780724
80,0.9538641417268765
90,0.9547538077847355
100,0.9553908361852367
110,0.9562247751772602
120,0.9566398366166836
130,0.957050086032929
140,0.9576548137464508
150,0.9579873850262605
