Epoch,loss
1,1.061009053776904
2,0.44852526498034717
3,0.36630963140386874
4,0.31997441518597486
5,0.29109832062953855
6,0.2682394259344272
7,0.2529036762510858
8,0.23943441827607348
